[
    {
        "state": "on",
        "action": ["deny"],
        "hostname": ["101.200.122.200",""],
        "uri": ["^/([\\w]{4}\\.html|deny\\.do|你好\\.html)$","jio"]
    },
    {
        "state": "on",
        "action": ["rehtml"],
        "rehtml": "<html>hi~!</html>",
        "hostname": ["101.200.122.200",""],
        "uri": ["/rehtml",""]
    },
    {
        "state": "on",
        "action": ["refile"],
        "refile": "2.txt",
        "hostname": ["101.200.122.200",""],
        "uri": ["/refile",""]
    },
    {
        "state": "on",
        "action": ["deny"],
        "hostname": [["101.200.122.200","127.0.0.1"],"list"],
        "uri": ["/api/.*","jio"],
        "app_ext":[
        ["ip",[["106.37.236.170","1.1.1.1"],"list",true]]
        ]
    },
    {
        "state": "on",
        "action": ["relua"],
        "relua":"1.lua",
        "hostname": ["127.0.0.1:5460",""],
        "uri": ["/relua",""]
    },
    {
        "state": "on",
        "action": ["relua_str"],
        "relua_str":"local a = 1 if a<1 then ngx.say(1) end return 2",
        "hostname": ["127.0.0.1:5460",""],
        "uri": ["/relua",""]
    },
    {
        "state": "on",
        "action": ["log"],
        "hostname": ["127.0.0.1:5460",""],
        "uri": ["/log",""]
    },
    {
        "state": "on",
        "action": ["deny"],
        "hostname": [["101.200.122.200","127.0.0.1"],"list"],
        "uri": ["/api/.*","jio"],
        "app_ext":[
        ["uri",["admin","in"],"or"],
        ["cookie",["c_test","jio"],"and"],
        ["ip",[["1.1.1.1","127.0.0.1"],"list",true],"and"]
        ]
    },
    {
        "state": "on",
        "action": ["refile"],
        "refile": ["js_debug.txt","text/html"],
        "hostname": ["localhost5460",""],
        "uri": ["/api/test/debug",""],
        "app_ext":[
        ["args",["true","@token@",["cctoken"],true]]
        ]
    },
    {
        "state": "on",
        "action": ["refile"],
        "refile": ["js_time.txt","text/html"],
        "hostname": ["localhost5460",""],
        "uri": ["/api/test/time",""],
        "app_ext":[
        ["args",["^[\\w]{6}$","jio",["cc",3],true]]
        ]
    },
    {
        "state": "on",
        "action": ["deny"],
        "hostname": ["localhost5460",""],
        "uri": ["/len",""],
        "app_ext":[
        ["args",[[5,15],"len",["arg_len"],true]]
        ]
    },
    {
        "state": "on",
        "action": ["deny"],
        "post_form":1024,
        "hostname": ["localhost5460",""],
        "uri": ["/api/test/debug",""],
        "app_ext":[
        ["post_form",["\\.(jpg|jpeg|png|webp|gif)$","jio",["image0",2],true],"or"],
        ["post_form",["(;|-|/)","jio",["image0",2],false],"or"]
        ]
    }
]