[
    {
        "state": "on",
        "hostname": ["*",""],
        "args_data": ["\\.\\./","jio"],
        "action": "deny"
    },
    {
        "state": "on",
        "hostname": ["*",""],
        "args_data": ["\\:\\$","jio"],
        "action": "deny"
    },
    {
        "state": "on",
        "hostname": ["*",""],
        "args_data": ["\\$\\{","jio"],
        "action": "deny"
    },
    {
        "state": "on",
        "hostname": ["*",""],
        "args_data": ["select.+(from|limit)","jio"],
        "action": "deny"
    },
    {
        "state": "on",
        "hostname": ["*",""],
        "args_data": ["(?:(union(.*?)select))","jio"],
        "action": "deny"
    },
    {
        "state": "on",
        "hostname": ["*",""],
        "args_data": ["having|rongjitest","jio"],
        "action": "deny"
    },
    {
        "state": "on",
        "hostname": ["*",""],
        "args_data": ["sleep\\((\\s*)(\\d*)(\\s*)\\)","jio"],
        "action": "deny"
    },
    {
        "state": "on",
        "hostname": ["*",""],
        "args_data": ["benchmark\\((.*)\\,(.*)\\)","jio"],
        "action": "deny"
    },
    {
        "state": "on",
        "hostname": ["*",""],
        "args_data": ["base64_decode\\(","jio"],
        "action": "deny"
    },
    {
        "state": "on",
        "hostname": ["*",""],
        "args_data": ["(?:from\\W+information_schema\\W)","jio"],
        "action": "deny"
    },
    {
        "state": "on",
        "hostname": ["*",""],
        "args_data": ["(?:(?:current_)user|database|schema|connection_id)\\s*\\(","jio"],
        "action": "deny"
    },
    {
        "state": "on",
        "hostname": ["*",""],
        "args_data": ["(?:etc\\/\\W*passwd)","jio"],
        "action": "deny"
    },
    {
        "state": "on",
        "hostname": ["*",""],
        "args_data": ["into(\\s+)+(?:dump|out)file\\s*","jio"],
        "action": "deny"
    },
    {
        "state": "on",
        "hostname": ["*",""],
        "args_data": ["group\\s+by.+\\(","jio"],
        "action": "deny"
    },
    {
        "state": "on",
        "hostname": ["*",""],
        "args_data": ["(?:define|eval|file_get_contents|include|require|require_once|shell_exec|phpinfo|system|passthru|preg_\\w+|execute|echo|print|print_r|var_dump|(fp)open|alert|showmodaldialog)\\(","jio"],
        "action": "deny"
    },
    {
        "state": "on",
        "hostname": ["*",""],
        "args_data": ["xwork\\.MethodAccessor","jio"],
        "action": "deny"
    },
    {
        "state": "on",
        "hostname": ["*",""],
        "args_data": ["(gopher|doc|php|glob|file|phar|zlib|ftp|ldap|dict|ogg|data)\\:\\/","jio"],
        "action": "deny"
    },
    {
        "state": "on",
        "hostname": ["*",""],
        "args_data": ["java\\.lang","jio"],
        "action": "deny"
    },
    {
        "state": "on",
        "hostname": ["*",""],
        "args_data": ["\\$_(GET|post|cookie|files|session|env|phplib|GLOBALS|SERVER)\\[","jio"],
        "action": "deny"
    },
    {
        "state": "on",
        "hostname": ["*",""],
        "args_data": ["\\<(iframe|script|body|img|layer|div|meta|style|base|object|input)","jio"],
        "action": "deny"
    },
    {
        "state": "on",
        "hostname": ["*",""],
        "args_data": ["(onmouseover|onerror|onload)\\=\t","jio"],
        "action": "deny"
    }
]