{
    "id.game.com": {
        "ips": ["111.206.199.57",""],
        "realipfrom": "CDN_R_IP"
    },
    "101.200.122.200": {
        "ips": [[
            "101.254.241.149",
            "106.37.236.170"],
            "list"
        ],
        "realipfrom": "x_for_f"
    },
    "www.g.com": {
        "ips": [[
            "101.254.241.1/24",
            "106.37.236.1/24"],
            "cidr",
            false
        ],
        "realipfrom": "x_for_f"
    },
    "localhost": {
        "ips": ["*",""],
        "realipfrom": "v3_realip_from"
    }
}