[
    {
        "state": "on",
        "hostname": ["*",""],
        "uri": ["\\.(css|js|flv|swf|woff|txt)$","jio"],
        "action": "allow"
    },
    {
        "state": "on",
        "hostname": ["*",""],
        "uri": ["\\.(gif|jpg|png|jpeg|bmp|ico)$","jio"],
        "action": "allow"
    },
    {
        "state": "on",
        "hostname": ["*",""],
        "uri": ["\\.(svn|git|htaccess|bash_history)","jio"],
        "action": "deny"
    },
    {
        "state": "on",
        "hostname": ["*",""],
        "uri": ["\\.(bak|inc|old|mdb|sql|backup|java|class)$","jio"],
        "action": "deny"
    },
    {
        "state": "on",
        "hostname": ["*",""],
        "uri": ["(vhost|bbs|hostname|wwwroot|www|site|root|hytop|flashfxp).*.rar","jio"],
        "action": "deny"
    },
    {
        "state": "on",
        "hostname": ["*",""],
        "uri": ["(phpmyadmin|jmx-console|jmxinvokerservlet)","jio"],
        "action": "deny"
    },
    {
        "state": "on",
        "hostname": ["*",""],
        "uri": ["java\\.lang","jio"],
        "action": "deny"
    },
    {
        "state": "on",
        "hostname": ["*",""],
        "uri": [
            "/(attachments|upimg|images|css|uploadfiles|html|uploads|templets|static|template|data|inc|forumdata|upload|includes|cache|avatar)/(\\w+).(php|jsp)",
            "jio"
        ],
        "action": "deny"
    }
]